<?xml version="1.0" encoding="utf-8"?>
<doc>
<assembly><name>Suave.IIS</name></assembly>
<members>
<member name="M:Suave.IIS.Configuration.withPort(System.String[],Suave.SuaveConfig)">
<summary>
 Set Suave port based on command line args setup
</summary>
</member>
<member name="M:Suave.IIS.Configuration.parseSetup(System.String[])">
<summary>
 Parse configuration setup from command line args
</summary>
</member>
<member name="M:Suave.IIS.Filters.pathScan``5(System.String[],Microsoft.FSharp.Core.PrintfFormat{``0,``1,``2,``3,``4})">
<summary>
 IIS wrapper for Suave.Filters.pathScan function    
</summary>
</member>
<member name="M:Suave.IIS.Filters.path(System.String[],System.String)">
<summary>
 IIS wrapper for Suave.Filters.path function
</summary>
</member>
</members>
</doc>
